{
  "NCG": {
    "avg_acc": [
      0.46778,
      0.45733999999999997,
      0.48758,
      0.43550000000000005,
      0.48268000000000005
    ],
    "forgetting": [
      0.593275,
      0.6076,
      0.56975,
      0.635175,
      0.5774
    ],
    "bwt": [
      -0.593275,
      -0.6076,
      -0.56975,
      -0.635175,
      -0.5774
    ],
    "fwt": [
      0.0,
      0.0,
      0.0,
      0.0,
      0.0
    ]
  },
  "StaticMLP-256": {
    "avg_acc": [
      0.84406,
      0.8532399999999999,
      0.8487600000000001,
      0.8357800000000001,
      0.8553599999999999
    ],
    "forgetting": [
      0.112375,
      0.100075,
      0.10755,
      0.12430000000000002,
      0.10027499999999998
    ],
    "bwt": [
      -0.112375,
      -0.100075,
      -0.10755,
      -0.12430000000000002,
      -0.10027499999999998
    ],
    "fwt": [
      0.0,
      0.0,
      0.0,
      0.0,
      0.0
    ]
  },
  "StaticMLP-448": {
    "avg_acc": [
      0.86234,
      0.87924,
      0.8726199999999998,
      0.87318,
      0.8775000000000001
    ],
    "forgetting": [
      0.10067499999999999,
      0.07915000000000003,
      0.08924999999999997,
      0.08965000000000001,
      0.084175
    ],
    "bwt": [
      -0.10067499999999999,
      -0.07915000000000003,
      -0.08924999999999997,
      -0.08965000000000001,
      -0.084175
    ],
    "fwt": [
      0.0,
      0.0,
      0.0,
      0.0,
      0.0
    ]
  },
  "StaticMLP-512": {
    "avg_acc": [
      0.87456,
      0.8836599999999999,
      0.88386,
      0.87052,
      0.8887600000000001
    ],
    "forgetting": [
      0.09000000000000002,
      0.07760000000000003,
      0.07797499999999999,
      0.09425,
      0.07382500000000003
    ],
    "bwt": [
      -0.09000000000000002,
      -0.07760000000000003,
      -0.07797499999999999,
      -0.09425,
      -0.07382500000000003
    ],
    "fwt": [
      0.0,
      0.0,
      0.0,
      0.0,
      0.0
    ]
  },
  "EWC": {
    "avg_acc": [
      0.8766,
      0.8789999999999999,
      0.88628,
      0.87238,
      0.8857600000000001
    ],
    "forgetting": [
      0.06312500000000004,
      0.0595,
      0.05355000000000004,
      0.070075,
      0.05484999999999998
    ],
    "bwt": [
      -0.06312500000000004,
      -0.0595,
      -0.05355000000000004,
      -0.070075,
      -0.05484999999999998
    ],
    "fwt": [
      0.0,
      0.0,
      0.0,
      0.0,
      0.0
    ]
  }
}